<?xml version="1.0" encoding="utf-8"?><asx:abap version="1.0" xmlns:asx="http://www.sap.com/abapxml"><asx:values><PROJECT><APPLICATION><APPLID/><VERSION>0000</VERSION><APP_TYPE/><CLSNAME/><TITLE/><CREDAT>0000-00-00</CREDAT><CRETIM>00:00:00</CRETIM><CRENAM/><UPDDAT>0000-00-00</UPDDAT><UPDTIM>00:00:00</UPDTIM><UPDNAM/><DESCR/><DESCR_MC/><THEME_JQUERY/><TAG_BODY/><USE_MANIFEST/><USE_CSS_DESKTOP/><USE_CSS_TABLET/><USE_CSS_PHONE/><AUTH_OBJECT/><SH_FILTER/><SH_INSET/><SH_DIVIDER_THEME/><SH_LIST_THEME/><STATEFUL/><CONTENT_TYPE/><LIBRARY/><ADDON_MOBI/><ADDON_RGRAPH/><AS_FILE/><ADDON_FONTAW/><UI5_M/><UI5_ME/><UI5_COMMONS/><UI5_UX3/><UI5_VIZ/><UI5_TABLE/><UI5_SUITE/><UI5_LANGUAGE/><INLINE_CSS/><DISABLED/><UI5_SUITE_UI/><ICFNODE/><UI5_UXAP/><RFCDEST/><RFCDEST_EXIT_CLS/><UI5_MULTIMODEL/><UI5_TNT/><DEVCLASS/><APPLID_BASE/><SAPUI5_VERSION/><UI5_COMP/><UI5_F/><NO_APP_DESTROY/><USE_DEPRECATED/><TR_ORDER/><BASE_HEADER/><BASE_CSS/><BASE_SCRIPT/><DISABLE_SAME_ORI/><UI5_INTEGRATION/><DEDICATED_CDN/><DISABLE_CACHE/><DISABLE_CACHE_FR/><ONLY_LAUNCHPAD/><COMPRESS_PAYLOAD/></APPLICATION><VERSION><APPLID/><VERSION>0000</VERSION><APP_TYPE/><TITLE/><CREDAT>0000-00-00</CREDAT><CRETIM>00:00:00</CRETIM><CRENAM/><UPDDAT>0000-00-00</UPDDAT><UPDTIM>00:00:00</UPDTIM><UPDNAM/><DESCR/><DESCR_MC/><STATUS/></VERSION><IT_CONTENT/><IT_ATTRIBUTES/><IT_HTML/><IT_SCRIPT/><IT_TABLE_FIELDS/><IT_ATTRIBUTES_CUSTOMER/><IT_FILTER/><IT_CSS_DESKTOP/><IT_CSS_MOBILE/><IT_CSS_TABLET/><IT_LANGUAGE/><IT_STYLE/><IT_STYLE_CUSTOMER/><IT_PLUGIN/><IT_MANIFEST/><IT_BINDING/><IT_EVENT_SCRIPT/><IT_MODEL/><IT_RT_TEMPLATES/><WA_CONTENT><APPLID/><FIELD_ID>00000</FIELD_ID><VERSION>0000</VERSION><FIELD_NAME/><FIELD_TYPE/><FIELD_LABEL/><FIELD_POS>00000</FIELD_POS><FIELD_PARENT>00000</FIELD_PARENT><DISABLED/><IS_CONTAINER/><ON_ENTER/><COMBO_TABLE/><COMBO_FIELD/><COMBO_LABEL/><COMBO_TECH/><EVENT_ID/><DESCR/><SH/><SH_KEY/><MEMORYID/><SEL_MULTIPLE/><CHART_FIELD_X/><CHART_FIELD_Y/><CHART_FIELD_DATA/><CHART_COUNT/><DEFAULT_VALUE/><DEFAULT_DATE>0000-00-00</DEFAULT_DATE><CALCULATE_DATE>0</CALCULATE_DATE><DATE_TODAY/><NAV_APPLID/><IS_VIEW/><FLAG1/><FLAG2/><CHART_FIELD_4/><CHART_FIELD_5/><FLAG3/><FLAG4/><FLAG5/><FLAG6/><FLAG7/><EXTEND_ID>00000</EXTEND_ID><EXTEND_TYPE/><ODATA_PATH/><APIID/><API_NAME/><OPERID/><OPER_NAME/><CUSTUI5_GUID/><AJAX_TYPE/></WA_CONTENT><WA_ATTRIBUTES><APPLID/><FIELD_ID>00000</FIELD_ID><VERSION>0000</VERSION><ATTRIBUTE/><GROUPING/><VALUE/><BINDING_PATH/><BINDING_TYPE/><BINDING_REF/><BIND_BUILD_ORIGIN/></WA_ATTRIBUTES><WA_HTML><APPLID/><FIELD_ID>00000</FIELD_ID><VERSION>0000</VERSION><SEQNR>00000</SEQNR><TEXT/></WA_HTML><WA_SCRIPT><APPLID/><FIELD_ID>00000</FIELD_ID><VERSION>0000</VERSION><SEQNR>00000</SEQNR><TEXT/></WA_SCRIPT><WA_TABLE_FIELDS><APPLID/><FIELD_ID>00000</FIELD_ID><VERSION>0000</VERSION><TABNAME/><KEYFIELD/><DOMNAME/><OUTPUTLEN>000000</OUTPUTLEN><DECIMALS>000000</DECIMALS><DATATYPE/><CONVEXIT/><REPTEXT/><FIELD_POS>000</FIELD_POS><VISIBLE/><REPTEXT_C/><PRE/><POST/></WA_TABLE_FIELDS><WA_ATTRIBUTES_CUSTOMER><APPLID/><FIELD_ID>00000</FIELD_ID><VERSION>0000</VERSION><VALUE/></WA_ATTRIBUTES_CUSTOMER><WA_FILTER><APPLID/><FIELD_ID>00000</FIELD_ID><VERSION>0000</VERSION><SEQNR>00000</SEQNR><SIGN/><OPTI/><LOW/><HIGH/></WA_FILTER><WA_CSS_DESKTOP><APPLID/><VERSION>0000</VERSION><SEQNR>00000</SEQNR><TEXT/></WA_CSS_DESKTOP><WA_CSS_MOBILE><APPLID/><VERSION>0000</VERSION><SEQNR>00000</SEQNR><TEXT/></WA_CSS_MOBILE><WA_CSS_TABLET><APPLID/><VERSION>0000</VERSION><SEQNR>00000</SEQNR><TEXT/></WA_CSS_TABLET><WA_LANGUAGE><APPLID/><FIELD_ID>00000</FIELD_ID><VERSION>0000</VERSION><LANGUAGE/><ATTRIBUTE/><FIELD_LABEL/></WA_LANGUAGE><WA_STYLE><APPLID/><FIELD_ID>00000</FIELD_ID><VERSION>0000</VERSION><STYLE/><VALUE/></WA_STYLE><WA_STYLE_CUSTOMER><APPLID/><FIELD_ID>00000</FIELD_ID><VERSION>0000</VERSION><VALUE/></WA_STYLE_CUSTOMER><WA_PLUGIN><APPLID/><VERSION>0000</VERSION><PLUGIN_ID/><SORTING>0</SORTING><NAME/></WA_PLUGIN><WA_MANIFEST><APPLID/><VERSION>0000</VERSION><SEQNR>00000</SEQNR><TEXT/></WA_MANIFEST><WA_BINDING><APPLID/><FIELD_ID>00000</FIELD_ID><VERSION>0000</VERSION><BIND_OBJECT/><BIND_TYPE/><BINDING/><CONVEXIT/><XSLT_ENABLE/><BINDING_ROOT_TYPE/><BINDING_ROOT_FIELD_ID>00000</BINDING_ROOT_FIELD_ID><BINDING_PATH/><BIND_BUILD_ORIGIN/></WA_BINDING><WA_EVENT_SCRIPT><APPLID/><FIELD_ID>00000</FIELD_ID><VERSION>0000</VERSION><EVENT/><SEQNR>00000</SEQNR><TEXT/></WA_EVENT_SCRIPT><WA_MODEL><APPLID/><FIELD_ID>00000</FIELD_ID><VERSION>0000</VERSION><MODEL_ID>00000</MODEL_ID><MODEL/><SEND/><RECEIVE/></WA_MODEL><WA_RT_TEMPLATES><MANDT/><APPLID/><FIELD_ID>00000</FIELD_ID><GUID/><VERSION>0000</VERSION></WA_RT_TEMPLATES></PROJECT></asx:values></asx:abap>